-- ============================================================================
-- INSERT DATA - Load data from rulebook
-- ============================================================================
-- Generated by rulebook-to-postgres tool
-- ============================================================================

-- Insert data for systems
INSERT INTO systems (system_id, display_name, class, base_scale, scale_factor, measure_name, fractal_dimension, theoretical_log_log_slope)
VALUES ('Sierpinski', 'Sierpinski Triangle', 'fractal', 1.0, 0.5, 'black_triangle_count', 1.585, -1.585);

INSERT INTO systems (system_id, display_name, class, base_scale, scale_factor, measure_name, fractal_dimension, theoretical_log_log_slope)
VALUES ('Koch', 'Koch Snowflake (edge)', 'fractal', 1.0, 0.3333333333, 'edge_length_total', 1.262, -0.262);

INSERT INTO systems (system_id, display_name, class, base_scale, scale_factor, measure_name, fractal_dimension, theoretical_log_log_slope)
VALUES ('ZipfWords', 'Zipf word frequencies', 'power_law', 1.0, 2.0, 'relative_frequency', NULL, -1.0);

INSERT INTO systems (system_id, display_name, class, base_scale, scale_factor, measure_name, fractal_dimension, theoretical_log_log_slope)
VALUES ('ScaleFreeNet', 'Scale-free network degrees', 'power_law', 1.0, 2.0, 'node_count_at_degree', NULL, -2.5);

-- Insert data for scales
INSERT INTO scales (system_id, iteration, measure)
VALUES ('Sierpinski', 0, 1.0);

INSERT INTO scales (system_id, iteration, measure)
VALUES ('Sierpinski', 1, 3.0);

INSERT INTO scales (system_id, iteration, measure)
VALUES ('Sierpinski', 2, 9.0);

INSERT INTO scales (system_id, iteration, measure)
VALUES ('Sierpinski', 3, 27.0);

INSERT INTO scales (system_id, iteration, measure)
VALUES ('Koch', 0, 1.0);

INSERT INTO scales (system_id, iteration, measure)
VALUES ('Koch', 1, 1.3333333333);

INSERT INTO scales (system_id, iteration, measure)
VALUES ('Koch', 2, 1.7777777777);

INSERT INTO scales (system_id, iteration, measure)
VALUES ('Koch', 3, 2.3703703703);

INSERT INTO scales (system_id, iteration, measure)
VALUES ('ZipfWords', 0, 1.0);

INSERT INTO scales (system_id, iteration, measure)
VALUES ('ZipfWords', 1, 0.5);

INSERT INTO scales (system_id, iteration, measure)
VALUES ('ZipfWords', 2, 0.25);

INSERT INTO scales (system_id, iteration, measure)
VALUES ('ZipfWords', 3, 0.125);

INSERT INTO scales (system_id, iteration, measure)
VALUES ('ScaleFreeNet', 0, 1.0);

INSERT INTO scales (system_id, iteration, measure)
VALUES ('ScaleFreeNet', 1, 0.1767766953);

INSERT INTO scales (system_id, iteration, measure)
VALUES ('ScaleFreeNet', 2, 0.03125);

INSERT INTO scales (system_id, iteration, measure)
VALUES ('ScaleFreeNet', 3, 0.0055242717);

-- Insert data for system_stats
INSERT INTO system_stats (system_id)
VALUES ('Sierpinski');

INSERT INTO system_stats (system_id)
VALUES ('Koch');

INSERT INTO system_stats (system_id)
VALUES ('ZipfWords');

INSERT INTO system_stats (system_id)
VALUES ('ScaleFreeNet');

